{
  "BQI": {
    "BLEU": 4.581220127616123,
    "chrF": 22.731210112193203,
    "num_examples": 1000,
    "translation_time": 63.999027490615845,
    "translations_file": "evaluation_results/nllb_finetuned_augmented_III/BQI_translations.tsv"
  },
  "GLK": {
    "BLEU": 3.8592772542508125,
    "chrF": 20.822346960214762,
    "num_examples": 1000,
    "translation_time": 57.36617088317871,
    "translations_file": "evaluation_results/nllb_finetuned_augmented_III/GLK_translations.tsv"
  },
  "HAC": {
    "BLEU": 9.482178547339457,
    "chrF": 28.985708005343767,
    "num_examples": 999,
    "translation_time": 57.95527100563049,
    "translations_file": "evaluation_results/nllb_finetuned_augmented_III/HAC_translations.tsv"
  },
  "LKI": {
    "BLEU": 6.610986625458761,
    "chrF": 25.04011804634899,
    "num_examples": 996,
    "translation_time": 54.91849374771118,
    "translations_file": "evaluation_results/nllb_finetuned_augmented_III/LKI_translations.tsv"
  },
  "MZN": {
    "BLEU": 5.664679842534042,
    "chrF": 23.855985502785632,
    "num_examples": 1000,
    "translation_time": 50.333942890167236,
    "translations_file": "evaluation_results/nllb_finetuned_augmented_III/MZN_translations.tsv"
  },
  "SDH": {
    "BLEU": 9.814750908747035,
    "chrF": 29.856072643182475,
    "num_examples": 1000,
    "translation_time": 52.99840235710144,
    "translations_file": "evaluation_results/nllb_finetuned_augmented_III/SDH_translations.tsv"
  },
  "TLY": {
    "BLEU": 3.622402361573264,
    "chrF": 20.78061545459536,
    "num_examples": 1000,
    "translation_time": 57.29472374916077,
    "translations_file": "evaluation_results/nllb_finetuned_augmented_III/TLY_translations.tsv"
  },
  "ZZA": {
    "BLEU": 6.192767101367446,
    "chrF": 27.14004662856845,
    "num_examples": 1070,
    "translation_time": 51.38468360900879,
    "translations_file": "evaluation_results/nllb_finetuned_augmented_III/ZZA_translations.tsv"
  }
}