{
  "nllb_finetuned_base": {
    "BQI": {
      "BLEU": 4.378952670290444,
      "chrF": 22.165943246112114,
      "num_examples": 1000,
      "translation_time": 65.8008623123169,
      "translations_file": "evaluation_results/nllb_finetuned_base/BQI_translations.tsv"
    },
    "GLK": {
      "BLEU": 2.729761193101015,
      "chrF": 20.049508159738483,
      "num_examples": 1000,
      "translation_time": 65.60634922981262,
      "translations_file": "evaluation_results/nllb_finetuned_base/GLK_translations.tsv"
    },
    "HAC": {
      "BLEU": 8.230663788934296,
      "chrF": 27.44521217119955,
      "num_examples": 999,
      "translation_time": 61.50642108917236,
      "translations_file": "evaluation_results/nllb_finetuned_base/HAC_translations.tsv"
    },
    "LKI": {
      "BLEU": 6.334017088853345,
      "chrF": 24.632671518114826,
      "num_examples": 996,
      "translation_time": 58.43121385574341,
      "translations_file": "evaluation_results/nllb_finetuned_base/LKI_translations.tsv"
    },
    "MZN": {
      "BLEU": 5.234091073970369,
      "chrF": 22.90532873288974,
      "num_examples": 1000,
      "translation_time": 59.01480054855347,
      "translations_file": "evaluation_results/nllb_finetuned_base/MZN_translations.tsv"
    },
    "SDH": {
      "BLEU": 9.932838029713185,
      "chrF": 29.622861361664103,
      "num_examples": 1000,
      "translation_time": 55.03925132751465,
      "translations_file": "evaluation_results/nllb_finetuned_base/SDH_translations.tsv"
    },
    "TLY": {
      "BLEU": 3.007892939901972,
      "chrF": 20.348114351476156,
      "num_examples": 1000,
      "translation_time": 64.4634804725647,
      "translations_file": "evaluation_results/nllb_finetuned_base/TLY_translations.tsv"
    },
    "ZZA": {
      "BLEU": 3.4469532073011164,
      "chrF": 22.89581297642722,
      "num_examples": 1070,
      "translation_time": 63.17901372909546,
      "translations_file": "evaluation_results/nllb_finetuned_base/ZZA_translations.tsv"
    }
  },
  "nllb_finetuned_base_II": {
    "BQI": {
      "BLEU": 3.4041934141392214,
      "chrF": 20.875477907307587,
      "num_examples": 1000,
      "translation_time": 63.11373162269592,
      "translations_file": "evaluation_results/nllb_finetuned_base_II/BQI_translations.tsv"
    },
    "GLK": {
      "BLEU": 3.4694733347975437,
      "chrF": 19.52900408529314,
      "num_examples": 1000,
      "translation_time": 65.38557863235474,
      "translations_file": "evaluation_results/nllb_finetuned_base_II/GLK_translations.tsv"
    },
    "HAC": {
      "BLEU": 16.4066142150113,
      "chrF": 32.34768530865395,
      "num_examples": 999,
      "translation_time": 61.237881660461426,
      "translations_file": "evaluation_results/nllb_finetuned_base_II/HAC_translations.tsv"
    },
    "LKI": {
      "BLEU": 9.746110064265089,
      "chrF": 26.271506564896306,
      "num_examples": 996,
      "translation_time": 61.83722114562988,
      "translations_file": "evaluation_results/nllb_finetuned_base_II/LKI_translations.tsv"
    },
    "MZN": {
      "BLEU": 5.297826949028703,
      "chrF": 22.40999305098049,
      "num_examples": 1000,
      "translation_time": 59.25236487388611,
      "translations_file": "evaluation_results/nllb_finetuned_base_II/MZN_translations.tsv"
    },
    "SDH": {
      "BLEU": 11.456125790386656,
      "chrF": 29.757123125145657,
      "num_examples": 1000,
      "translation_time": 59.80689454078674,
      "translations_file": "evaluation_results/nllb_finetuned_base_II/SDH_translations.tsv"
    },
    "TLY": {
      "BLEU": 6.231006171600902,
      "chrF": 21.147479710283832,
      "num_examples": 1000,
      "translation_time": 62.01241207122803,
      "translations_file": "evaluation_results/nllb_finetuned_base_II/TLY_translations.tsv"
    },
    "ZZA": {
      "BLEU": 3.172064449324567,
      "chrF": 20.405945241792878,
      "num_examples": 1070,
      "translation_time": 57.37941336631775,
      "translations_file": "evaluation_results/nllb_finetuned_base_II/ZZA_translations.tsv"
    }
  },
  "nllb_finetuned_augmented_II": {
    "BQI": {
      "BLEU": 4.217235322727696,
      "chrF": 22.49758658889155,
      "num_examples": 1000,
      "translation_time": 59.77471089363098,
      "translations_file": "evaluation_results/nllb_finetuned_augmented_II/BQI_translations.tsv"
    },
    "GLK": {
      "BLEU": 4.143360064373927,
      "chrF": 21.03697993858415,
      "num_examples": 1000,
      "translation_time": 60.256507873535156,
      "translations_file": "evaluation_results/nllb_finetuned_augmented_II/GLK_translations.tsv"
    },
    "HAC": {
      "BLEU": 12.305815422732541,
      "chrF": 30.454305733129484,
      "num_examples": 999,
      "translation_time": 59.3898868560791,
      "translations_file": "evaluation_results/nllb_finetuned_augmented_II/HAC_translations.tsv"
    },
    "LKI": {
      "BLEU": 6.7856622072633614,
      "chrF": 25.428989280822194,
      "num_examples": 996,
      "translation_time": 61.34655714035034,
      "translations_file": "evaluation_results/nllb_finetuned_augmented_II/LKI_translations.tsv"
    },
    "MZN": {
      "BLEU": 5.659712333365995,
      "chrF": 23.686356204969066,
      "num_examples": 1000,
      "translation_time": 54.05857753753662,
      "translations_file": "evaluation_results/nllb_finetuned_augmented_II/MZN_translations.tsv"
    },
    "SDH": {
      "BLEU": 9.087145283586795,
      "chrF": 29.063849191151974,
      "num_examples": 1000,
      "translation_time": 56.58554005622864,
      "translations_file": "evaluation_results/nllb_finetuned_augmented_II/SDH_translations.tsv"
    },
    "TLY": {
      "BLEU": 6.440008803043048,
      "chrF": 23.02664284495942,
      "num_examples": 1000,
      "translation_time": 59.91812491416931,
      "translations_file": "evaluation_results/nllb_finetuned_augmented_II/TLY_translations.tsv"
    },
    "ZZA": {
      "BLEU": 4.105748833520323,
      "chrF": 23.284583836858936,
      "num_examples": 1070,
      "translation_time": 60.077412843704224,
      "translations_file": "evaluation_results/nllb_finetuned_augmented_II/ZZA_translations.tsv"
    }
  },
  "nllb_finetuned_base_III": {
	"BQI": {
	  "BLEU": 3.0051057360367883,
	  "chrF": 20.09694966133174,
	  "num_examples": 1000,
	  "translation_time": 70.3014988899231,
	  "translations_file": "evaluation_results/nllb_finetuned_base_III/BQI_translations.tsv"
	},
	"GLK": {
	  "BLEU": 2.463901978435518,
	  "chrF": 18.44930575761651,
	  "num_examples": 1000,
	  "translation_time": 63.886375188827515,
	  "translations_file": "evaluation_results/nllb_finetuned_base_III/GLK_translations.tsv"
	},
	"HAC": {
	  "BLEU": 14.458339609809565,
	  "chrF": 30.028339090536438,
	  "num_examples": 999,
	  "translation_time": 57.946080923080444,
	  "translations_file": "evaluation_results/nllb_finetuned_base_III/HAC_translations.tsv"
	},
	"LKI": {
	  "BLEU": 10.026921363345876,
	  "chrF": 26.115728869683068,
	  "num_examples": 996,
	  "translation_time": 58.63638520240784,
	  "translations_file": "evaluation_results/nllb_finetuned_base_III/LKI_translations.tsv"
	},
	"MZN": {
	  "BLEU": 4.52929702133853,
	  "chrF": 20.82436084449856,
	  "num_examples": 1000,
	  "translation_time": 56.94435095787048,
	  "translations_file": "evaluation_results/nllb_finetuned_base_III/MZN_translations.tsv"
	},
	"SDH": {
	  "BLEU": 10.224956479489979,
	  "chrF": 27.961846480203732,
	  "num_examples": 1000,
	  "translation_time": 55.059008836746216,
	  "translations_file": "evaluation_results/nllb_finetuned_base_III/SDH_translations.tsv"
	},
	"TLY": {
	  "BLEU": 6.82091687908946,
	  "chrF": 22.203709443515123,
	  "num_examples": 1000,
	  "translation_time": 63.83864498138428,
	  "translations_file": "evaluation_results/nllb_finetuned_base_III/TLY_translations.tsv"
	},
	"ZZA": {
	  "BLEU": 2.197447909126681,
	  "chrF": 19.288872778127047,
	  "num_examples": 1070,
	  "translation_time": 60.881221771240234,